namespace_prefix	namespace_name	repository	repository_url	classification	confirmation_evidence	local_evidence_paths
arxiv	arXiv	arxiv-fgbench-a-dataset-and-benchmar	https://github.com/biobricks-ai/arxiv-fgbench-a-dataset-and-benchmar	related-or-derived-not-namespace-resource	exact registry resource URL plus namespace-specific repository metadata: https://arxiv.org/abs|registry provider domain plus namespace-specific metadata token: arxiv.org; arxiv	/mnt/raid2/biobricks/arxiv-fgbench-a-dataset-and-benchmar/.bb/brick.jsonld;/mnt/raid2/biobricks/arxiv-fgbench-a-dataset-and-benchmar/dvc.yaml;/mnt/raid2/biobricks/arxiv-fgbench-a-dataset-and-benchmar/stages/01_download.py;/mnt/raid2/biobricks/arxiv-fgbench-a-dataset-and-benchmar/stages/02_build.py
arxiv	arXiv	arxiv-smiles2dock-an-open-large-scal	https://github.com/biobricks-ai/arxiv-smiles2dock-an-open-large-scal	related-or-derived-not-namespace-resource	registry provider domain plus namespace-specific metadata token: arxiv.org; arxiv	/mnt/raid2/biobricks/arxiv-smiles2dock-an-open-large-scal/.bb/brick.jsonld;/mnt/raid2/biobricks/arxiv-smiles2dock-an-open-large-scal/dvc.yaml;/mnt/raid2/biobricks/arxiv-smiles2dock-an-open-large-scal/stages/01_download.py;/mnt/raid2/biobricks/arxiv-smiles2dock-an-open-large-scal/stages/02_build.py
arxiv	arXiv	arxiv-uncovering-the-mechanism-of-he	https://github.com/biobricks-ai/arxiv-uncovering-the-mechanism-of-he	related-or-derived-not-namespace-resource	registry provider domain plus namespace-specific metadata token: arxiv.org; arxiv	/mnt/raid2/biobricks/arxiv-uncovering-the-mechanism-of-he/.bb/brick.jsonld;/mnt/raid2/biobricks/arxiv-uncovering-the-mechanism-of-he/dvc.yaml;/mnt/raid2/biobricks/arxiv-uncovering-the-mechanism-of-he/stages/01_download.py;/mnt/raid2/biobricks/arxiv-uncovering-the-mechanism-of-he/stages/02_build.py
bindingdb	BindingDB	bindingdb-info	https://github.com/biobricks-ai/bindingdb-info	related-or-derived-not-namespace-resource	registry provider domain plus namespace-specific metadata token: www.bindingdb.org; bindingdb	/mnt/raid2/biobricks/bindingdb-info/.bb/brick.jsonld;/mnt/raid2/biobricks/bindingdb-info/dvc.yaml;/mnt/raid2/biobricks/bindingdb-info/stages/01_download.py;/mnt/raid2/biobricks/bindingdb-info/stages/02_build.py
bindingdb	BindingDB	nih-bindingdb-in-2024-a-fair-knowledgeb	https://github.com/biobricks-ai/nih-bindingdb-in-2024-a-fair-knowledgeb	related-or-derived-not-namespace-resource	registry provider domain plus namespace-specific metadata token: www.bindingdb.org; bindingdb	/mnt/raid2/biobricks/nih-bindingdb-in-2024-a-fair-knowledgeb/.bb/brick.jsonld;/mnt/raid2/biobricks/nih-bindingdb-in-2024-a-fair-knowledgeb/dvc.yaml;/mnt/raid2/biobricks/nih-bindingdb-in-2024-a-fair-knowledgeb/stages/01_download.py;/mnt/raid2/biobricks/nih-bindingdb-in-2024-a-fair-knowledgeb/stages/02_build.py
broad	Broad Fungal Genome Initiative	drug-repurposing-hub-broad-metadata	https://github.com/biobricks-ai/drug-repurposing-hub-broad-metadata	related-or-derived-not-namespace-resource	registry provider domain plus namespace-specific metadata token: www.broadinstitute.org; broad	/mnt/raid2/biobricks/drug-repurposing-hub-broad-metadata/.bb/brick.jsonld;/mnt/raid2/biobricks/drug-repurposing-hub-broad-metadata/.bb/source.jsonld;/mnt/raid2/biobricks/drug-repurposing-hub-broad-metadata/dvc.yaml;/mnt/raid2/biobricks/drug-repurposing-hub-broad-metadata/stages/01_download.py
chembl	ChEMBL	go-chembl-a-large-scale-bioactivi	https://github.com/biobricks-ai/go-chembl-a-large-scale-bioactivi	related-or-derived-not-namespace-resource	exact registry resource URL plus namespace-specific repository metadata: https://www.ebi.ac.uk/chembl	/mnt/raid2/biobricks/go-chembl-a-large-scale-bioactivi/.bb/brick.jsonld;/mnt/raid2/biobricks/go-chembl-a-large-scale-bioactivi/dvc.yaml;/mnt/raid2/biobricks/go-chembl-a-large-scale-bioactivi/stages/01_download.py;/mnt/raid2/biobricks/go-chembl-a-large-scale-bioactivi/stages/02_build.py
comptox	CompTox Chemistry Dashboard	en-comptox-chemicals-dashboard	https://github.com/biobricks-ai/en-comptox-chemicals-dashboard	related-or-derived-not-namespace-resource	exact registry resource URL plus namespace-specific repository metadata: https://comptox.epa.gov/dashboard|registry provider domain plus namespace-specific metadata token: comptox.epa.gov; comptox	/mnt/raid2/biobricks/en-comptox-chemicals-dashboard/.bb/brick.jsonld;/mnt/raid2/biobricks/en-comptox-chemicals-dashboard/README.md;/mnt/raid2/biobricks/en-comptox-chemicals-dashboard/dvc.yaml;/mnt/raid2/biobricks/en-comptox-chemicals-dashboard/stages/01_download.py
drugbank	DrugBank	go-drugbank-online-database-for-d	https://github.com/biobricks-ai/go-drugbank-online-database-for-d	related-or-derived-not-namespace-resource	registry provider domain plus namespace-specific metadata token: go.drugbank.com; drugbank	/mnt/raid2/biobricks/go-drugbank-online-database-for-d/.bb/brick.jsonld;/mnt/raid2/biobricks/go-drugbank-online-database-for-d/dvc.yaml;/mnt/raid2/biobricks/go-drugbank-online-database-for-d/stages/01_download.py;/mnt/raid2/biobricks/go-drugbank-online-database-for-d/stages/02_build.py
drugbank	DrugBank	go-drugbank-release-version-5-1-1	https://github.com/biobricks-ai/go-drugbank-release-version-5-1-1	related-or-derived-not-namespace-resource	registry provider domain plus namespace-specific metadata token: go.drugbank.com; drugbank	/mnt/raid2/biobricks/go-drugbank-release-version-5-1-1/.bb/brick.jsonld;/mnt/raid2/biobricks/go-drugbank-release-version-5-1-1/dvc.yaml;/mnt/raid2/biobricks/go-drugbank-release-version-5-1-1/stages/01_download.py;/mnt/raid2/biobricks/go-drugbank-release-version-5-1-1/stages/02_build.py
geogeo	Geographical Entity Ontology	geneontology	https://github.com/biobricks-ai/geneontology	related-or-derived-not-namespace-resource	exact registry resource URL plus namespace-specific repository metadata: http://purl.obolibrary.org/obo|registry provider domain plus namespace-specific metadata token: purl.obolibrary.org; ontology	/mnt/raid2/biobricks/geneontology/.bb/brick.jsonld;/mnt/raid2/biobricks/geneontology/README.md;/mnt/raid2/biobricks/geneontology/dvc.yaml
go_ref	Gene Ontology Reference	geneontology	https://github.com/biobricks-ai/geneontology	related-or-derived-not-namespace-resource	registry provider domain plus namespace-specific metadata token: www.geneontology.org; ontology|registry provider domain plus namespace-specific metadata token: geneontology.org; ontology	/mnt/raid2/biobricks/geneontology/.bb/brick.jsonld;/mnt/raid2/biobricks/geneontology/README.md;/mnt/raid2/biobricks/geneontology/dvc.yaml
gsso	Gender, Sex, and Sexual Orientation (GSSO) Ontology	geneontology	https://github.com/biobricks-ai/geneontology	related-or-derived-not-namespace-resource	registry provider domain plus namespace-specific metadata token: purl.obolibrary.org; ontology	/mnt/raid2/biobricks/geneontology/.bb/brick.jsonld;/mnt/raid2/biobricks/geneontology/README.md;/mnt/raid2/biobricks/geneontology/dvc.yaml
iao	Information Artifact Ontology	geneontology	https://github.com/biobricks-ai/geneontology	related-or-derived-not-namespace-resource	registry provider domain plus namespace-specific metadata token: purl.obolibrary.org; ontology	/mnt/raid2/biobricks/geneontology/.bb/brick.jsonld;/mnt/raid2/biobricks/geneontology/README.md;/mnt/raid2/biobricks/geneontology/dvc.yaml
inchi	InChI	ebi-chebi	https://github.com/biobricks-ai/ebi-chebi	related-or-derived-not-namespace-resource	exact registry resource URL plus namespace-specific repository metadata: https://www.ebi.ac.uk/chebi	/mnt/raid2/biobricks/ebi-chebi/.bb/brick.jsonld;/mnt/raid2/biobricks/ebi-chebi/.bb/source.jsonld;/mnt/raid2/biobricks/ebi-chebi/dvc.yaml;/mnt/raid2/biobricks/ebi-chebi/stages/01_download.py
mondo	Mondo Disease Ontology	geneontology	https://github.com/biobricks-ai/geneontology	related-or-derived-not-namespace-resource	registry provider domain plus namespace-specific metadata token: purl.obolibrary.org; ontology	/mnt/raid2/biobricks/geneontology/.bb/brick.jsonld;/mnt/raid2/biobricks/geneontology/README.md;/mnt/raid2/biobricks/geneontology/dvc.yaml
obi	Ontology for Biomedical Investigations	geneontology	https://github.com/biobricks-ai/geneontology	related-or-derived-not-namespace-resource	exact registry resource URL plus namespace-specific repository metadata: http://purl.obolibrary.org/obo|registry provider domain plus namespace-specific metadata token: purl.obolibrary.org; ontology	/mnt/raid2/biobricks/geneontology/.bb/brick.jsonld;/mnt/raid2/biobricks/geneontology/README.md;/mnt/raid2/biobricks/geneontology/dvc.yaml
pdb.ligand	Protein Data Bank Ligand	pdbbind-opt-rdf	https://github.com/biobricks-ai/pdbbind-opt-rdf	related-or-derived-not-namespace-resource	registry provider domain plus namespace-specific metadata token: www.rcsb.org; ligand	/mnt/raid2/biobricks/pdbbind-opt-rdf/dvc.yaml;/mnt/raid2/biobricks/pdbbind-opt-rdf/stages/01_convert_rdf.py
pdb.ligand	Protein Data Bank Ligand	plas-20k-rdf	https://github.com/biobricks-ai/plas-20k-rdf	related-or-derived-not-namespace-resource	registry provider domain plus namespace-specific metadata token: www.rcsb.org; ligand	/mnt/raid2/biobricks/plas-20k-rdf/dvc.yaml;/mnt/raid2/biobricks/plas-20k-rdf/stages/01_convert_rdf.py
pubchem.bioassay	PubChem-bioassay	cosmetic-inci-glossary	https://github.com/biobricks-ai/cosmetic-inci-glossary	related-or-derived-not-namespace-resource	registry provider domain plus namespace-specific metadata token: pubchem.ncbi.nlm.nih.gov; pubchem	/mnt/raid2/biobricks/cosmetic-inci-glossary/.bb/brick.jsonld;/mnt/raid2/biobricks/cosmetic-inci-glossary/.bb/source.jsonld;/mnt/raid2/biobricks/cosmetic-inci-glossary/dvc.yaml;/mnt/raid2/biobricks/cosmetic-inci-glossary/stages/01_download.py
pubchem.bioassay	PubChem-bioassay	hsdb-pubchem	https://github.com/biobricks-ai/hsdb-pubchem	related-or-derived-not-namespace-resource	registry provider domain plus namespace-specific metadata token: pubchem.ncbi.nlm.nih.gov; pubchem	/mnt/raid2/biobricks/hsdb-pubchem/.bb/brick.jsonld;/mnt/raid2/biobricks/hsdb-pubchem/.bb/source.jsonld;/mnt/raid2/biobricks/hsdb-pubchem/dvc.yaml;/mnt/raid2/biobricks/hsdb-pubchem/stages/01_download.py
pubchem.bioassay	PubChem-bioassay	hsdb-pubchem-rdf	https://github.com/biobricks-ai/hsdb-pubchem-rdf	related-or-derived-not-namespace-resource	registry provider domain plus namespace-specific metadata token: pubchem.ncbi.nlm.nih.gov; pubchem	/mnt/raid2/biobricks/hsdb-pubchem-rdf/dvc.yaml;/mnt/raid2/biobricks/hsdb-pubchem-rdf/stages/01_convert_rdf.py
pubchem.bioassay	PubChem-bioassay	medium-downloading-pubchem-bioassays	https://github.com/biobricks-ai/medium-downloading-pubchem-bioassays	related-or-derived-not-namespace-resource	exact registry resource URL plus namespace-specific repository metadata: https://pubchem.ncbi.nlm.nih.gov/bioassay|registry provider domain plus namespace-specific metadata token: pubchem.ncbi.nlm.nih.gov; pubchem	/mnt/raid2/biobricks/medium-downloading-pubchem-bioassays/.bb/brick.jsonld;/mnt/raid2/biobricks/medium-downloading-pubchem-bioassays/README.md;/mnt/raid2/biobricks/medium-downloading-pubchem-bioassays/dvc.yaml;/mnt/raid2/biobricks/medium-downloading-pubchem-bioassays/stages/01_download.py
pubchem.compound	PubChem-compound	cosmetic-inci-glossary	https://github.com/biobricks-ai/cosmetic-inci-glossary	related-or-derived-not-namespace-resource	exact registry resource URL plus namespace-specific repository metadata: https://pubchem.ncbi.nlm.nih.gov/compound|registry provider domain plus namespace-specific metadata token: pubchem.ncbi.nlm.nih.gov; pubchem	/mnt/raid2/biobricks/cosmetic-inci-glossary/.bb/brick.jsonld;/mnt/raid2/biobricks/cosmetic-inci-glossary/.bb/source.jsonld;/mnt/raid2/biobricks/cosmetic-inci-glossary/dvc.yaml;/mnt/raid2/biobricks/cosmetic-inci-glossary/stages/01_download.py
pubchem.compound	PubChem-compound	hsdb-pubchem	https://github.com/biobricks-ai/hsdb-pubchem	related-or-derived-not-namespace-resource	registry provider domain plus namespace-specific metadata token: pubchem.ncbi.nlm.nih.gov; pubchem	/mnt/raid2/biobricks/hsdb-pubchem/.bb/brick.jsonld;/mnt/raid2/biobricks/hsdb-pubchem/.bb/source.jsonld;/mnt/raid2/biobricks/hsdb-pubchem/dvc.yaml;/mnt/raid2/biobricks/hsdb-pubchem/stages/01_download.py
pubchem.compound	PubChem-compound	hsdb-pubchem-rdf	https://github.com/biobricks-ai/hsdb-pubchem-rdf	related-or-derived-not-namespace-resource	exact registry resource URL plus namespace-specific repository metadata: https://pubchem.ncbi.nlm.nih.gov/compound|registry provider domain plus namespace-specific metadata token: pubchem.ncbi.nlm.nih.gov; pubchem	/mnt/raid2/biobricks/hsdb-pubchem-rdf/dvc.yaml;/mnt/raid2/biobricks/hsdb-pubchem-rdf/stages/01_convert_rdf.py
pubchem.compound	PubChem-compound	medium-downloading-pubchem-bioassays	https://github.com/biobricks-ai/medium-downloading-pubchem-bioassays	related-or-derived-not-namespace-resource	registry provider domain plus namespace-specific metadata token: pubchem.ncbi.nlm.nih.gov; pubchem	/mnt/raid2/biobricks/medium-downloading-pubchem-bioassays/.bb/brick.jsonld;/mnt/raid2/biobricks/medium-downloading-pubchem-bioassays/README.md;/mnt/raid2/biobricks/medium-downloading-pubchem-bioassays/dvc.yaml;/mnt/raid2/biobricks/medium-downloading-pubchem-bioassays/stages/01_download.py
pubchem.substance	PubChem-substance	cosmetic-inci-glossary	https://github.com/biobricks-ai/cosmetic-inci-glossary	related-or-derived-not-namespace-resource	registry provider domain plus namespace-specific metadata token: pubchem.ncbi.nlm.nih.gov; pubchem	/mnt/raid2/biobricks/cosmetic-inci-glossary/.bb/brick.jsonld;/mnt/raid2/biobricks/cosmetic-inci-glossary/.bb/source.jsonld;/mnt/raid2/biobricks/cosmetic-inci-glossary/dvc.yaml;/mnt/raid2/biobricks/cosmetic-inci-glossary/stages/01_download.py
pubchem.substance	PubChem-substance	hsdb-pubchem	https://github.com/biobricks-ai/hsdb-pubchem	related-or-derived-not-namespace-resource	registry provider domain plus namespace-specific metadata token: pubchem.ncbi.nlm.nih.gov; pubchem	/mnt/raid2/biobricks/hsdb-pubchem/.bb/brick.jsonld;/mnt/raid2/biobricks/hsdb-pubchem/.bb/source.jsonld;/mnt/raid2/biobricks/hsdb-pubchem/dvc.yaml;/mnt/raid2/biobricks/hsdb-pubchem/stages/01_download.py
pubchem.substance	PubChem-substance	hsdb-pubchem-rdf	https://github.com/biobricks-ai/hsdb-pubchem-rdf	related-or-derived-not-namespace-resource	registry provider domain plus namespace-specific metadata token: pubchem.ncbi.nlm.nih.gov; pubchem	/mnt/raid2/biobricks/hsdb-pubchem-rdf/dvc.yaml;/mnt/raid2/biobricks/hsdb-pubchem-rdf/stages/01_convert_rdf.py
pubchem.substance	PubChem-substance	medium-downloading-pubchem-bioassays	https://github.com/biobricks-ai/medium-downloading-pubchem-bioassays	related-or-derived-not-namespace-resource	registry provider domain plus namespace-specific metadata token: pubchem.ncbi.nlm.nih.gov; pubchem	/mnt/raid2/biobricks/medium-downloading-pubchem-bioassays/.bb/brick.jsonld;/mnt/raid2/biobricks/medium-downloading-pubchem-bioassays/README.md;/mnt/raid2/biobricks/medium-downloading-pubchem-bioassays/dvc.yaml;/mnt/raid2/biobricks/medium-downloading-pubchem-bioassays/stages/01_download.py
pubmed	PubMed	mckee	https://github.com/biobricks-ai/mckee	related-or-derived-not-namespace-resource	registry provider domain plus namespace-specific metadata token: pubmed.ncbi.nlm.nih.gov; pubmed	/mnt/raid2/biobricks/mckee/README.md;/mnt/raid2/biobricks/mckee/dvc.yaml;/mnt/raid2/biobricks/mckee/stages/03_build_catalog.py;/mnt/raid2/biobricks/mckee/stages/01_fetch_metadata.py
ro	Relation Ontology	geneontology	https://github.com/biobricks-ai/geneontology	related-or-derived-not-namespace-resource	exact registry resource URL plus namespace-specific repository metadata: http://purl.obolibrary.org/obo|registry provider domain plus namespace-specific metadata token: purl.obolibrary.org; ontology	/mnt/raid2/biobricks/geneontology/.bb/brick.jsonld;/mnt/raid2/biobricks/geneontology/README.md;/mnt/raid2/biobricks/geneontology/dvc.yaml
